class_id,teacher_email,student_email
1,thudr.rpoiksn@schoolmail.com,rqyeaq.bmvls@schoolmail.com
1,thudr.rpoiksn@schoolmail.com,rtmtxanoz.plaqz@schoolmail.com
1,thudr.rpoiksn@schoolmail.com,nedmsei.bsxgzzvhgx@schoolmail.com
1,thudr.rpoiksn@schoolmail.com,jdsvod.mhvdws@schoolmail.com
1,thudr.rpoiksn@schoolmail.com,kfuyako.ppqbzbqpzc@schoolmail.com
1,thudr.rpoiksn@schoolmail.com,ldyuouk.vnej@schoolmail.com
1,thudr.rpoiksn@schoolmail.com,jmuaqgam.ckgpiq@schoolmail.com
1,thudr.rpoiksn@schoolmail.com,zrzfripyh.tzsfqskqj@schoolmail.com
1,thudr.rpoiksn@schoolmail.com,chggii.ngtxenqpp@schoolmail.com
1,thudr.rpoiksn@schoolmail.com,geuxbhp.nqotvrjrc@schoolmail.com
1,thudr.rpoiksn@schoolmail.com,zvohlnynp.wefp@schoolmail.com
1,thudr.rpoiksn@schoolmail.com,fpcwfpkzt.pdd@schoolmail.com
1,thudr.rpoiksn@schoolmail.com,nzcipmds.gvhnkhw@schoolmail.com
1,thudr.rpoiksn@schoolmail.com,kcxpdhhp.tyw@schoolmail.com
1,thudr.rpoiksn@schoolmail.com,spfuxc.gwsm@schoolmail.com
1,thudr.rpoiksn@schoolmail.com,dqwnyug.dhkugy@schoolmail.com
1,thudr.rpoiksn@schoolmail.com,qeyyee.vnib@schoolmail.com
1,thudr.rpoiksn@schoolmail.com,ukicgfok.lkushxt@schoolmail.com
1,thudr.rpoiksn@schoolmail.com,gyvcfpyo.ajujtyspkw@schoolmail.com
1,thudr.rpoiksn@schoolmail.com,xdxxefvi.tjigpt@schoolmail.com
1,thudr.rpoiksn@schoolmail.com,mxibqzcpk.zzyi@schoolmail.com
1,thudr.rpoiksn@schoolmail.com,qaswbjoubx.vbbqosuug@schoolmail.com
1,thudr.rpoiksn@schoolmail.com,umdrkepb.emzxdolgk@schoolmail.com
2,uaitqulq.hecbw@schoolmail.com,zvohlnynp.wefp@schoolmail.com
2,uaitqulq.hecbw@schoolmail.com,qrqzvufsr.iueifzqsk@schoolmail.com
2,uaitqulq.hecbw@schoolmail.com,pntczamp.pws@schoolmail.com
2,uaitqulq.hecbw@schoolmail.com,jmuaqgam.ckgpiq@schoolmail.com
2,uaitqulq.hecbw@schoolmail.com,ldyuouk.vnej@schoolmail.com
2,uaitqulq.hecbw@schoolmail.com,fpcwfpkzt.pdd@schoolmail.com
2,uaitqulq.hecbw@schoolmail.com,mxibqzcpk.zzyi@schoolmail.com
2,uaitqulq.hecbw@schoolmail.com,spfuxc.gwsm@schoolmail.com
2,uaitqulq.hecbw@schoolmail.com,rtmtxanoz.plaqz@schoolmail.com
2,uaitqulq.hecbw@schoolmail.com,iwewc.rmkgsc@schoolmail.com
2,uaitqulq.hecbw@schoolmail.com,kfuyako.ppqbzbqpzc@schoolmail.com
2,uaitqulq.hecbw@schoolmail.com,bpteavqajw.eqkryan@schoolmail.com
2,uaitqulq.hecbw@schoolmail.com,ldjbntxnx.ecfw@schoolmail.com
2,uaitqulq.hecbw@schoolmail.com,erkvhs.cklmrn@schoolmail.com
2,uaitqulq.hecbw@schoolmail.com,nzcipmds.gvhnkhw@schoolmail.com
2,uaitqulq.hecbw@schoolmail.com,zonsvg.mbsqtvt@schoolmail.com
2,uaitqulq.hecbw@schoolmail.com,ciehxywxab.dxzqisd@schoolmail.com
2,uaitqulq.hecbw@schoolmail.com,ukicgfok.lkushxt@schoolmail.com
2,uaitqulq.hecbw@schoolmail.com,qeyyee.vnib@schoolmail.com
2,uaitqulq.hecbw@schoolmail.com,yditasyomc.xkuhsz@schoolmail.com
2,uaitqulq.hecbw@schoolmail.com,fivnjqwcja.fyvu@schoolmail.com
2,uaitqulq.hecbw@schoolmail.com,lwmlyps.bqgzenovnb@schoolmail.com
2,uaitqulq.hecbw@schoolmail.com,ybczwtubqr.rkamv@schoolmail.com
2,uaitqulq.hecbw@schoolmail.com,gyhhlqg.fhdogvsi@schoolmail.com
2,uaitqulq.hecbw@schoolmail.com,hlpsj.txoc@schoolmail.com
2,uaitqulq.hecbw@schoolmail.com,mjzcrzcs.pugw@schoolmail.com
3,ppkfr.eangspvtgh@schoolmail.com,qaswbjoubx.vbbqosuug@schoolmail.com
3,ppkfr.eangspvtgh@schoolmail.com,erkvhs.cklmrn@schoolmail.com
3,ppkfr.eangspvtgh@schoolmail.com,gyhhlqg.fhdogvsi@schoolmail.com
3,ppkfr.eangspvtgh@schoolmail.com,ciehxywxab.dxzqisd@schoolmail.com
3,ppkfr.eangspvtgh@schoolmail.com,zonsvg.mbsqtvt@schoolmail.com
3,ppkfr.eangspvtgh@schoolmail.com,hlpsj.txoc@schoolmail.com
3,ppkfr.eangspvtgh@schoolmail.com,jdsvod.mhvdws@schoolmail.com
3,ppkfr.eangspvtgh@schoolmail.com,duyahydxny.fopqnwokoh@schoolmail.com
3,ppkfr.eangspvtgh@schoolmail.com,pntczamp.pws@schoolmail.com
3,ppkfr.eangspvtgh@schoolmail.com,ryavpykusi.nkd@schoolmail.com
3,ppkfr.eangspvtgh@schoolmail.com,fivnjqwcja.fyvu@schoolmail.com
3,ppkfr.eangspvtgh@schoolmail.com,kfuyako.ppqbzbqpzc@schoolmail.com
3,ppkfr.eangspvtgh@schoolmail.com,bpteavqajw.eqkryan@schoolmail.com
3,ppkfr.eangspvtgh@schoolmail.com,spfuxc.gwsm@schoolmail.com
3,ppkfr.eangspvtgh@schoolmail.com,lwmlyps.bqgzenovnb@schoolmail.com
3,ppkfr.eangspvtgh@schoolmail.com,rtmtxanoz.plaqz@schoolmail.com
3,ppkfr.eangspvtgh@schoolmail.com,ldjbntxnx.ecfw@schoolmail.com
3,ppkfr.eangspvtgh@schoolmail.com,fpcwfpkzt.pdd@schoolmail.com
3,ppkfr.eangspvtgh@schoolmail.com,zvohlnynp.wefp@schoolmail.com
3,ppkfr.eangspvtgh@schoolmail.com,rqyeaq.bmvls@schoolmail.com
3,ppkfr.eangspvtgh@schoolmail.com,tgasda.ofkbkp@schoolmail.com
3,ppkfr.eangspvtgh@schoolmail.com,zrzfripyh.tzsfqskqj@schoolmail.com
3,ppkfr.eangspvtgh@schoolmail.com,puogpykej.pcsk@schoolmail.com
3,ppkfr.eangspvtgh@schoolmail.com,qeyyee.vnib@schoolmail.com
3,ppkfr.eangspvtgh@schoolmail.com,gpkvw.wovmmyrxp@schoolmail.com
4,jrbfy.nzexos@schoolmail.com,fieshhe.osacbul@schoolmail.com
4,jrbfy.nzexos@schoolmail.com,ldjbntxnx.ecfw@schoolmail.com
4,jrbfy.nzexos@schoolmail.com,rtmtxanoz.plaqz@schoolmail.com
4,jrbfy.nzexos@schoolmail.com,umdrkepb.emzxdolgk@schoolmail.com
4,jrbfy.nzexos@schoolmail.com,ybczwtubqr.rkamv@schoolmail.com
4,jrbfy.nzexos@schoolmail.com,erkvhs.cklmrn@schoolmail.com
4,jrbfy.nzexos@schoolmail.com,gpkvw.wovmmyrxp@schoolmail.com
4,jrbfy.nzexos@schoolmail.com,kfuyako.ppqbzbqpzc@schoolmail.com
4,jrbfy.nzexos@schoolmail.com,mxibqzcpk.zzyi@schoolmail.com
4,jrbfy.nzexos@schoolmail.com,iwewc.rmkgsc@schoolmail.com
4,jrbfy.nzexos@schoolmail.com,oyuqyhix.pddv@schoolmail.com
4,jrbfy.nzexos@schoolmail.com,puogpykej.pcsk@schoolmail.com
4,jrbfy.nzexos@schoolmail.com,bpteavqajw.eqkryan@schoolmail.com
4,jrbfy.nzexos@schoolmail.com,hlpsj.txoc@schoolmail.com
4,jrbfy.nzexos@schoolmail.com,pntczamp.pws@schoolmail.com
4,jrbfy.nzexos@schoolmail.com,geuxbhp.nqotvrjrc@schoolmail.com
4,jrbfy.nzexos@schoolmail.com,hzsna.obdxdtv@schoolmail.com
4,jrbfy.nzexos@schoolmail.com,jdsvod.mhvdws@schoolmail.com
4,jrbfy.nzexos@schoolmail.com,qrqzvufsr.iueifzqsk@schoolmail.com
4,jrbfy.nzexos@schoolmail.com,yditasyomc.xkuhsz@schoolmail.com
4,jrbfy.nzexos@schoolmail.com,wnfqeoczet.yornpjlbj@schoolmail.com
4,jrbfy.nzexos@schoolmail.com,mjzcrzcs.pugw@schoolmail.com
4,jrbfy.nzexos@schoolmail.com,ryavpykusi.nkd@schoolmail.com
4,jrbfy.nzexos@schoolmail.com,chggii.ngtxenqpp@schoolmail.com
5,ntxuwwet.furowqh@schoolmail.com,lwmlyps.bqgzenovnb@schoolmail.com
5,ntxuwwet.furowqh@schoolmail.com,nedmsei.bsxgzzvhgx@schoolmail.com
5,ntxuwwet.furowqh@schoolmail.com,yditasyomc.xkuhsz@schoolmail.com
5,ntxuwwet.furowqh@schoolmail.com,zvohlnynp.wefp@schoolmail.com
5,ntxuwwet.furowqh@schoolmail.com,wkrnehycra.zshn@schoolmail.com
5,ntxuwwet.furowqh@schoolmail.com,umdrkepb.emzxdolgk@schoolmail.com
5,ntxuwwet.furowqh@schoolmail.com,fivnjqwcja.fyvu@schoolmail.com
5,ntxuwwet.furowqh@schoolmail.com,ukicgfok.lkushxt@schoolmail.com
5,ntxuwwet.furowqh@schoolmail.com,naxypfnzvx.vscf@schoolmail.com
5,ntxuwwet.furowqh@schoolmail.com,kfuyako.ppqbzbqpzc@schoolmail.com
5,ntxuwwet.furowqh@schoolmail.com,iwewc.rmkgsc@schoolmail.com
5,ntxuwwet.furowqh@schoolmail.com,ybczwtubqr.rkamv@schoolmail.com
5,ntxuwwet.furowqh@schoolmail.com,nfcikearjh.pqftxammtx@schoolmail.com
6,ntxuwwet.furowqh@schoolmail.com,qeyyee.vnib@schoolmail.com
6,ntxuwwet.furowqh@schoolmail.com,ehouwe.bcuzmhpyz@schoolmail.com
6,ntxuwwet.furowqh@schoolmail.com,rqyeaq.bmvls@schoolmail.com
6,ntxuwwet.furowqh@schoolmail.com,spfuxc.gwsm@schoolmail.com
6,ntxuwwet.furowqh@schoolmail.com,kcxpdhhp.tyw@schoolmail.com
6,ntxuwwet.furowqh@schoolmail.com,xbzen.ahaevzhc@schoolmail.com
6,ntxuwwet.furowqh@schoolmail.com,tgasda.ofkbkp@schoolmail.com
6,ntxuwwet.furowqh@schoolmail.com,dqwnyug.dhkugy@schoolmail.com
6,ntxuwwet.furowqh@schoolmail.com,hncwrlww.kttchnbnw@schoolmail.com
6,ntxuwwet.furowqh@schoolmail.com,pntczamp.pws@schoolmail.com
6,ntxuwwet.furowqh@schoolmail.com,qrqzvufsr.iueifzqsk@schoolmail.com
6,ntxuwwet.furowqh@schoolmail.com,zrzfripyh.tzsfqskqj@schoolmail.com
6,ntxuwwet.furowqh@schoolmail.com,nfcikearjh.pqftxammtx@schoolmail.com
7,rmuzvv.vrmbnenup@schoolmail.com,yditasyomc.xkuhsz@schoolmail.com
7,rmuzvv.vrmbnenup@schoolmail.com,hzsna.obdxdtv@schoolmail.com
7,rmuzvv.vrmbnenup@schoolmail.com,ybczwtubqr.rkamv@schoolmail.com
7,rmuzvv.vrmbnenup@schoolmail.com,jscoz.rfmdhlufi@schoolmail.com
7,rmuzvv.vrmbnenup@schoolmail.com,wnfqeoczet.yornpjlbj@schoolmail.com
7,rmuzvv.vrmbnenup@schoolmail.com,nfcikearjh.pqftxammtx@schoolmail.com
7,rmuzvv.vrmbnenup@schoolmail.com,tgasda.ofkbkp@schoolmail.com
7,rmuzvv.vrmbnenup@schoolmail.com,kfuyako.ppqbzbqpzc@schoolmail.com
7,rmuzvv.vrmbnenup@schoolmail.com,lwmlyps.bqgzenovnb@schoolmail.com
7,rmuzvv.vrmbnenup@schoolmail.com,flgrxvd.woa@schoolmail.com
7,rmuzvv.vrmbnenup@schoolmail.com,ukicgfok.lkushxt@schoolmail.com
7,rmuzvv.vrmbnenup@schoolmail.com,oyuqyhix.pddv@schoolmail.com
7,rmuzvv.vrmbnenup@schoolmail.com,chggii.ngtxenqpp@schoolmail.com
7,rmuzvv.vrmbnenup@schoolmail.com,bpteavqajw.eqkryan@schoolmail.com
7,rmuzvv.vrmbnenup@schoolmail.com,duyahydxny.fopqnwokoh@schoolmail.com
7,rmuzvv.vrmbnenup@schoolmail.com,dqwnyug.dhkugy@schoolmail.com
7,rmuzvv.vrmbnenup@schoolmail.com,mxibqzcpk.zzyi@schoolmail.com
7,rmuzvv.vrmbnenup@schoolmail.com,erkvhs.cklmrn@schoolmail.com
8,tjyfdydwj.hoq@schoolmail.com,yditasyomc.xkuhsz@schoolmail.com
8,tjyfdydwj.hoq@schoolmail.com,ldjbntxnx.ecfw@schoolmail.com
8,tjyfdydwj.hoq@schoolmail.com,fpcwfpkzt.pdd@schoolmail.com
8,tjyfdydwj.hoq@schoolmail.com,ehouwe.bcuzmhpyz@schoolmail.com
8,tjyfdydwj.hoq@schoolmail.com,ukicgfok.lkushxt@schoolmail.com
8,tjyfdydwj.hoq@schoolmail.com,qrqzvufsr.iueifzqsk@schoolmail.com
8,tjyfdydwj.hoq@schoolmail.com,wnfqeoczet.yornpjlbj@schoolmail.com
8,tjyfdydwj.hoq@schoolmail.com,spfuxc.gwsm@schoolmail.com
8,tjyfdydwj.hoq@schoolmail.com,qeyyee.vnib@schoolmail.com
8,tjyfdydwj.hoq@schoolmail.com,qaswbjoubx.vbbqosuug@schoolmail.com
8,tjyfdydwj.hoq@schoolmail.com,zonsvg.mbsqtvt@schoolmail.com
8,tjyfdydwj.hoq@schoolmail.com,nedmsei.bsxgzzvhgx@schoolmail.com
8,tjyfdydwj.hoq@schoolmail.com,iwewc.rmkgsc@schoolmail.com
8,tjyfdydwj.hoq@schoolmail.com,pntczamp.pws@schoolmail.com
8,tjyfdydwj.hoq@schoolmail.com,jmuaqgam.ckgpiq@schoolmail.com
8,tjyfdydwj.hoq@schoolmail.com,kfuyako.ppqbzbqpzc@schoolmail.com
8,tjyfdydwj.hoq@schoolmail.com,rtmtxanoz.plaqz@schoolmail.com
8,tjyfdydwj.hoq@schoolmail.com,tcirpuqc.spaopuulv@schoolmail.com
8,tjyfdydwj.hoq@schoolmail.com,ciehxywxab.dxzqisd@schoolmail.com
8,tjyfdydwj.hoq@schoolmail.com,hncwrlww.kttchnbnw@schoolmail.com
8,tjyfdydwj.hoq@schoolmail.com,ryavpykusi.nkd@schoolmail.com
8,tjyfdydwj.hoq@schoolmail.com,gyvcfpyo.ajujtyspkw@schoolmail.com
8,tjyfdydwj.hoq@schoolmail.com,xbzen.ahaevzhc@schoolmail.com
8,tjyfdydwj.hoq@schoolmail.com,jdsvod.mhvdws@schoolmail.com
8,tjyfdydwj.hoq@schoolmail.com,oyuqyhix.pddv@schoolmail.com
9,wuoodxwc.fwwo@schoolmail.com,puogpykej.pcsk@schoolmail.com
9,wuoodxwc.fwwo@schoolmail.com,kcxpdhhp.tyw@schoolmail.com
9,wuoodxwc.fwwo@schoolmail.com,mjzcrzcs.pugw@schoolmail.com
9,wuoodxwc.fwwo@schoolmail.com,tgasda.ofkbkp@schoolmail.com
9,wuoodxwc.fwwo@schoolmail.com,ehouwe.bcuzmhpyz@schoolmail.com
9,wuoodxwc.fwwo@schoolmail.com,rtmtxanoz.plaqz@schoolmail.com
9,wuoodxwc.fwwo@schoolmail.com,duyahydxny.fopqnwokoh@schoolmail.com
9,wuoodxwc.fwwo@schoolmail.com,gyhhlqg.fhdogvsi@schoolmail.com
9,wuoodxwc.fwwo@schoolmail.com,naxypfnzvx.vscf@schoolmail.com
9,wuoodxwc.fwwo@schoolmail.com,ybczwtubqr.rkamv@schoolmail.com
9,wuoodxwc.fwwo@schoolmail.com,qrqzvufsr.iueifzqsk@schoolmail.com
9,wuoodxwc.fwwo@schoolmail.com,oyuqyhix.pddv@schoolmail.com
9,wuoodxwc.fwwo@schoolmail.com,wkrnehycra.zshn@schoolmail.com
10,gcxobmhlg.xomgu@schoolmail.com,ciehxywxab.dxzqisd@schoolmail.com
10,gcxobmhlg.xomgu@schoolmail.com,ryavpykusi.nkd@schoolmail.com
10,gcxobmhlg.xomgu@schoolmail.com,kfuyako.ppqbzbqpzc@schoolmail.com
10,gcxobmhlg.xomgu@schoolmail.com,ldjbntxnx.ecfw@schoolmail.com
10,gcxobmhlg.xomgu@schoolmail.com,xdxxefvi.tjigpt@schoolmail.com
10,gcxobmhlg.xomgu@schoolmail.com,pntczamp.pws@schoolmail.com
10,gcxobmhlg.xomgu@schoolmail.com,erkvhs.cklmrn@schoolmail.com
10,gcxobmhlg.xomgu@schoolmail.com,zonsvg.mbsqtvt@schoolmail.com
10,gcxobmhlg.xomgu@schoolmail.com,dqwnyug.dhkugy@schoolmail.com
10,gcxobmhlg.xomgu@schoolmail.com,qeyyee.vnib@schoolmail.com
10,gcxobmhlg.xomgu@schoolmail.com,gyvcfpyo.ajujtyspkw@schoolmail.com
10,gcxobmhlg.xomgu@schoolmail.com,rtmtxanoz.plaqz@schoolmail.com
10,gcxobmhlg.xomgu@schoolmail.com,hzsna.obdxdtv@schoolmail.com
10,gcxobmhlg.xomgu@schoolmail.com,zrzfripyh.tzsfqskqj@schoolmail.com
10,gcxobmhlg.xomgu@schoolmail.com,nfcikearjh.pqftxammtx@schoolmail.com
10,gcxobmhlg.xomgu@schoolmail.com,qaswbjoubx.vbbqosuug@schoolmail.com
10,gcxobmhlg.xomgu@schoolmail.com,fivnjqwcja.fyvu@schoolmail.com
10,gcxobmhlg.xomgu@schoolmail.com,spfuxc.gwsm@schoolmail.com
10,gcxobmhlg.xomgu@schoolmail.com,ybczwtubqr.rkamv@schoolmail.com
11,jwaowqjpyg.skdt@schoolmail.com,dqwnyug.dhkugy@schoolmail.com
11,jwaowqjpyg.skdt@schoolmail.com,chggii.ngtxenqpp@schoolmail.com
11,jwaowqjpyg.skdt@schoolmail.com,zrzfripyh.tzsfqskqj@schoolmail.com
11,jwaowqjpyg.skdt@schoolmail.com,wnfqeoczet.yornpjlbj@schoolmail.com
11,jwaowqjpyg.skdt@schoolmail.com,gyhhlqg.fhdogvsi@schoolmail.com
11,jwaowqjpyg.skdt@schoolmail.com,mxibqzcpk.zzyi@schoolmail.com
11,jwaowqjpyg.skdt@schoolmail.com,jdsvod.mhvdws@schoolmail.com
11,jwaowqjpyg.skdt@schoolmail.com,yditasyomc.xkuhsz@schoolmail.com
11,jwaowqjpyg.skdt@schoolmail.com,ryavpykusi.nkd@schoolmail.com
11,jwaowqjpyg.skdt@schoolmail.com,nedmsei.bsxgzzvhgx@schoolmail.com
11,jwaowqjpyg.skdt@schoolmail.com,bpteavqajw.eqkryan@schoolmail.com
11,jwaowqjpyg.skdt@schoolmail.com,naxypfnzvx.vscf@schoolmail.com
11,jwaowqjpyg.skdt@schoolmail.com,qrqzvufsr.iueifzqsk@schoolmail.com
12,lhrch.ovscl@schoolmail.com,xdxxefvi.tjigpt@schoolmail.com
12,lhrch.ovscl@schoolmail.com,tgasda.ofkbkp@schoolmail.com
12,lhrch.ovscl@schoolmail.com,lwmlyps.bqgzenovnb@schoolmail.com
12,lhrch.ovscl@schoolmail.com,umdrkepb.emzxdolgk@schoolmail.com
12,lhrch.ovscl@schoolmail.com,jmuaqgam.ckgpiq@schoolmail.com
12,lhrch.ovscl@schoolmail.com,ldjbntxnx.ecfw@schoolmail.com
12,lhrch.ovscl@schoolmail.com,qaswbjoubx.vbbqosuug@schoolmail.com
12,lhrch.ovscl@schoolmail.com,mjzcrzcs.pugw@schoolmail.com
12,lhrch.ovscl@schoolmail.com,flgrxvd.woa@schoolmail.com
12,lhrch.ovscl@schoolmail.com,qeyyee.vnib@schoolmail.com
12,lhrch.ovscl@schoolmail.com,jscoz.rfmdhlufi@schoolmail.com
12,lhrch.ovscl@schoolmail.com,duyahydxny.fopqnwokoh@schoolmail.com
12,lhrch.ovscl@schoolmail.com,zrzfripyh.tzsfqskqj@schoolmail.com
12,lhrch.ovscl@schoolmail.com,gyvcfpyo.ajujtyspkw@schoolmail.com
13,uaitqulq.hecbw@schoolmail.com,flgrxvd.woa@schoolmail.com
13,uaitqulq.hecbw@schoolmail.com,hzsna.obdxdtv@schoolmail.com
13,uaitqulq.hecbw@schoolmail.com,qeyyee.vnib@schoolmail.com
13,uaitqulq.hecbw@schoolmail.com,xbzen.ahaevzhc@schoolmail.com
13,uaitqulq.hecbw@schoolmail.com,ciehxywxab.dxzqisd@schoolmail.com
13,uaitqulq.hecbw@schoolmail.com,pntczamp.pws@schoolmail.com
13,uaitqulq.hecbw@schoolmail.com,dqwnyug.dhkugy@schoolmail.com
13,uaitqulq.hecbw@schoolmail.com,erkvhs.cklmrn@schoolmail.com
13,uaitqulq.hecbw@schoolmail.com,tgasda.ofkbkp@schoolmail.com
13,uaitqulq.hecbw@schoolmail.com,iwewc.rmkgsc@schoolmail.com
13,uaitqulq.hecbw@schoolmail.com,jscoz.rfmdhlufi@schoolmail.com
13,uaitqulq.hecbw@schoolmail.com,rqyeaq.bmvls@schoolmail.com
13,uaitqulq.hecbw@schoolmail.com,zrzfripyh.tzsfqskqj@schoolmail.com
13,uaitqulq.hecbw@schoolmail.com,wnfqeoczet.yornpjlbj@schoolmail.com
13,uaitqulq.hecbw@schoolmail.com,tcirpuqc.spaopuulv@schoolmail.com
13,uaitqulq.hecbw@schoolmail.com,nfcikearjh.pqftxammtx@schoolmail.com
13,uaitqulq.hecbw@schoolmail.com,nedmsei.bsxgzzvhgx@schoolmail.com
13,uaitqulq.hecbw@schoolmail.com,mxibqzcpk.zzyi@schoolmail.com
13,uaitqulq.hecbw@schoolmail.com,kcxpdhhp.tyw@schoolmail.com
13,uaitqulq.hecbw@schoolmail.com,geuxbhp.nqotvrjrc@schoolmail.com
13,uaitqulq.hecbw@schoolmail.com,zonsvg.mbsqtvt@schoolmail.com
14,vytvzvi.icjwbrolbp@schoolmail.com,lwmlyps.bqgzenovnb@schoolmail.com
14,vytvzvi.icjwbrolbp@schoolmail.com,ldyuouk.vnej@schoolmail.com
14,vytvzvi.icjwbrolbp@schoolmail.com,hzsna.obdxdtv@schoolmail.com
14,vytvzvi.icjwbrolbp@schoolmail.com,zvohlnynp.wefp@schoolmail.com
14,vytvzvi.icjwbrolbp@schoolmail.com,ryavpykusi.nkd@schoolmail.com
14,vytvzvi.icjwbrolbp@schoolmail.com,jscoz.rfmdhlufi@schoolmail.com
14,vytvzvi.icjwbrolbp@schoolmail.com,nfcikearjh.pqftxammtx@schoolmail.com
14,vytvzvi.icjwbrolbp@schoolmail.com,qrqzvufsr.iueifzqsk@schoolmail.com
14,vytvzvi.icjwbrolbp@schoolmail.com,xbzen.ahaevzhc@schoolmail.com
14,vytvzvi.icjwbrolbp@schoolmail.com,ukicgfok.lkushxt@schoolmail.com
14,vytvzvi.icjwbrolbp@schoolmail.com,ldjbntxnx.ecfw@schoolmail.com
14,vytvzvi.icjwbrolbp@schoolmail.com,pntczamp.pws@schoolmail.com
14,vytvzvi.icjwbrolbp@schoolmail.com,geuxbhp.nqotvrjrc@schoolmail.com
14,vytvzvi.icjwbrolbp@schoolmail.com,fpcwfpkzt.pdd@schoolmail.com
14,vytvzvi.icjwbrolbp@schoolmail.com,zrzfripyh.tzsfqskqj@schoolmail.com
14,vytvzvi.icjwbrolbp@schoolmail.com,chggii.ngtxenqpp@schoolmail.com
14,vytvzvi.icjwbrolbp@schoolmail.com,ciehxywxab.dxzqisd@schoolmail.com
14,vytvzvi.icjwbrolbp@schoolmail.com,zonsvg.mbsqtvt@schoolmail.com
14,vytvzvi.icjwbrolbp@schoolmail.com,umdrkepb.emzxdolgk@schoolmail.com
14,vytvzvi.icjwbrolbp@schoolmail.com,oyuqyhix.pddv@schoolmail.com
14,vytvzvi.icjwbrolbp@schoolmail.com,iwewc.rmkgsc@schoolmail.com
15,ijmpd.wbrrh@schoolmail.com,spfuxc.gwsm@schoolmail.com
15,ijmpd.wbrrh@schoolmail.com,tgasda.ofkbkp@schoolmail.com
15,ijmpd.wbrrh@schoolmail.com,fivnjqwcja.fyvu@schoolmail.com
15,ijmpd.wbrrh@schoolmail.com,qaswbjoubx.vbbqosuug@schoolmail.com
15,ijmpd.wbrrh@schoolmail.com,duyahydxny.fopqnwokoh@schoolmail.com
15,ijmpd.wbrrh@schoolmail.com,ldyuouk.vnej@schoolmail.com
15,ijmpd.wbrrh@schoolmail.com,zrzfripyh.tzsfqskqj@schoolmail.com
15,ijmpd.wbrrh@schoolmail.com,umdrkepb.emzxdolgk@schoolmail.com
15,ijmpd.wbrrh@schoolmail.com,pntczamp.pws@schoolmail.com
15,ijmpd.wbrrh@schoolmail.com,gyvcfpyo.ajujtyspkw@schoolmail.com
15,ijmpd.wbrrh@schoolmail.com,geuxbhp.nqotvrjrc@schoolmail.com
15,ijmpd.wbrrh@schoolmail.com,gyhhlqg.fhdogvsi@schoolmail.com
15,ijmpd.wbrrh@schoolmail.com,tcirpuqc.spaopuulv@schoolmail.com
15,ijmpd.wbrrh@schoolmail.com,zvohlnynp.wefp@schoolmail.com
15,ijmpd.wbrrh@schoolmail.com,nfcikearjh.pqftxammtx@schoolmail.com
15,ijmpd.wbrrh@schoolmail.com,wkrnehycra.zshn@schoolmail.com
16,ceojotujqm.umoxjrma@schoolmail.com,duyahydxny.fopqnwokoh@schoolmail.com
16,ceojotujqm.umoxjrma@schoolmail.com,kfuyako.ppqbzbqpzc@schoolmail.com
16,ceojotujqm.umoxjrma@schoolmail.com,puogpykej.pcsk@schoolmail.com
16,ceojotujqm.umoxjrma@schoolmail.com,erkvhs.cklmrn@schoolmail.com
16,ceojotujqm.umoxjrma@schoolmail.com,tcirpuqc.spaopuulv@schoolmail.com
16,ceojotujqm.umoxjrma@schoolmail.com,ybczwtubqr.rkamv@schoolmail.com
16,ceojotujqm.umoxjrma@schoolmail.com,hzsna.obdxdtv@schoolmail.com
16,ceojotujqm.umoxjrma@schoolmail.com,umdrkepb.emzxdolgk@schoolmail.com
16,ceojotujqm.umoxjrma@schoolmail.com,naxypfnzvx.vscf@schoolmail.com
16,ceojotujqm.umoxjrma@schoolmail.com,ldyuouk.vnej@schoolmail.com
16,ceojotujqm.umoxjrma@schoolmail.com,oyuqyhix.pddv@schoolmail.com
16,ceojotujqm.umoxjrma@schoolmail.com,iwewc.rmkgsc@schoolmail.com
16,ceojotujqm.umoxjrma@schoolmail.com,zvohlnynp.wefp@schoolmail.com
16,ceojotujqm.umoxjrma@schoolmail.com,rtmtxanoz.plaqz@schoolmail.com
16,ceojotujqm.umoxjrma@schoolmail.com,nfcikearjh.pqftxammtx@schoolmail.com
16,ceojotujqm.umoxjrma@schoolmail.com,fivnjqwcja.fyvu@schoolmail.com
16,ceojotujqm.umoxjrma@schoolmail.com,ryavpykusi.nkd@schoolmail.com
16,ceojotujqm.umoxjrma@schoolmail.com,mjzcrzcs.pugw@schoolmail.com
16,ceojotujqm.umoxjrma@schoolmail.com,wkrnehycra.zshn@schoolmail.com
16,ceojotujqm.umoxjrma@schoolmail.com,xbzen.ahaevzhc@schoolmail.com
16,ceojotujqm.umoxjrma@schoolmail.com,ciehxywxab.dxzqisd@schoolmail.com
16,ceojotujqm.umoxjrma@schoolmail.com,spfuxc.gwsm@schoolmail.com
16,ceojotujqm.umoxjrma@schoolmail.com,rqyeaq.bmvls@schoolmail.com
17,ionboyhe.xusgx@schoolmail.com,ciehxywxab.dxzqisd@schoolmail.com
17,ionboyhe.xusgx@schoolmail.com,chggii.ngtxenqpp@schoolmail.com
17,ionboyhe.xusgx@schoolmail.com,duyahydxny.fopqnwokoh@schoolmail.com
17,ionboyhe.xusgx@schoolmail.com,jmuaqgam.ckgpiq@schoolmail.com
17,ionboyhe.xusgx@schoolmail.com,gyvcfpyo.ajujtyspkw@schoolmail.com
17,ionboyhe.xusgx@schoolmail.com,yditasyomc.xkuhsz@schoolmail.com
17,ionboyhe.xusgx@schoolmail.com,rqyeaq.bmvls@schoolmail.com
17,ionboyhe.xusgx@schoolmail.com,oyuqyhix.pddv@schoolmail.com
17,ionboyhe.xusgx@schoolmail.com,lwmlyps.bqgzenovnb@schoolmail.com
17,ionboyhe.xusgx@schoolmail.com,rtmtxanoz.plaqz@schoolmail.com
17,ionboyhe.xusgx@schoolmail.com,nfcikearjh.pqftxammtx@schoolmail.com
17,ionboyhe.xusgx@schoolmail.com,gyhhlqg.fhdogvsi@schoolmail.com
17,ionboyhe.xusgx@schoolmail.com,gpkvw.wovmmyrxp@schoolmail.com
17,ionboyhe.xusgx@schoolmail.com,qaswbjoubx.vbbqosuug@schoolmail.com
17,ionboyhe.xusgx@schoolmail.com,xdxxefvi.tjigpt@schoolmail.com
17,ionboyhe.xusgx@schoolmail.com,hlpsj.txoc@schoolmail.com
17,ionboyhe.xusgx@schoolmail.com,flgrxvd.woa@schoolmail.com
17,ionboyhe.xusgx@schoolmail.com,wkrnehycra.zshn@schoolmail.com
17,ionboyhe.xusgx@schoolmail.com,fpcwfpkzt.pdd@schoolmail.com
17,ionboyhe.xusgx@schoolmail.com,jdsvod.mhvdws@schoolmail.com
17,ionboyhe.xusgx@schoolmail.com,ldyuouk.vnej@schoolmail.com
17,ionboyhe.xusgx@schoolmail.com,tgasda.ofkbkp@schoolmail.com
17,ionboyhe.xusgx@schoolmail.com,umdrkepb.emzxdolgk@schoolmail.com
17,ionboyhe.xusgx@schoolmail.com,kcxpdhhp.tyw@schoolmail.com
18,lgjyi.mfhcukcu@schoolmail.com,iwewc.rmkgsc@schoolmail.com
18,lgjyi.mfhcukcu@schoolmail.com,erkvhs.cklmrn@schoolmail.com
18,lgjyi.mfhcukcu@schoolmail.com,jscoz.rfmdhlufi@schoolmail.com
18,lgjyi.mfhcukcu@schoolmail.com,spfuxc.gwsm@schoolmail.com
18,lgjyi.mfhcukcu@schoolmail.com,qeyyee.vnib@schoolmail.com
18,lgjyi.mfhcukcu@schoolmail.com,rqyeaq.bmvls@schoolmail.com
18,lgjyi.mfhcukcu@schoolmail.com,flgrxvd.woa@schoolmail.com
18,lgjyi.mfhcukcu@schoolmail.com,hlpsj.txoc@schoolmail.com
18,lgjyi.mfhcukcu@schoolmail.com,ehouwe.bcuzmhpyz@schoolmail.com
18,lgjyi.mfhcukcu@schoolmail.com,qaswbjoubx.vbbqosuug@schoolmail.com
18,lgjyi.mfhcukcu@schoolmail.com,hzsna.obdxdtv@schoolmail.com
18,lgjyi.mfhcukcu@schoolmail.com,xbzen.ahaevzhc@schoolmail.com
18,lgjyi.mfhcukcu@schoolmail.com,kcxpdhhp.tyw@schoolmail.com
18,lgjyi.mfhcukcu@schoolmail.com,gpkvw.wovmmyrxp@schoolmail.com
18,lgjyi.mfhcukcu@schoolmail.com,tgasda.ofkbkp@schoolmail.com
18,lgjyi.mfhcukcu@schoolmail.com,rtmtxanoz.plaqz@schoolmail.com
18,lgjyi.mfhcukcu@schoolmail.com,nedmsei.bsxgzzvhgx@schoolmail.com
18,lgjyi.mfhcukcu@schoolmail.com,umdrkepb.emzxdolgk@schoolmail.com
18,lgjyi.mfhcukcu@schoolmail.com,ciehxywxab.dxzqisd@schoolmail.com
18,lgjyi.mfhcukcu@schoolmail.com,ldjbntxnx.ecfw@schoolmail.com
18,lgjyi.mfhcukcu@schoolmail.com,wkrnehycra.zshn@schoolmail.com
18,lgjyi.mfhcukcu@schoolmail.com,puogpykej.pcsk@schoolmail.com
18,lgjyi.mfhcukcu@schoolmail.com,oyuqyhix.pddv@schoolmail.com
18,lgjyi.mfhcukcu@schoolmail.com,hncwrlww.kttchnbnw@schoolmail.com
19,ikjjrvjx.cekforyfjv@schoolmail.com,jdsvod.mhvdws@schoolmail.com
19,ikjjrvjx.cekforyfjv@schoolmail.com,geuxbhp.nqotvrjrc@schoolmail.com
19,ikjjrvjx.cekforyfjv@schoolmail.com,xbzen.ahaevzhc@schoolmail.com
19,ikjjrvjx.cekforyfjv@schoolmail.com,ukicgfok.lkushxt@schoolmail.com
19,ikjjrvjx.cekforyfjv@schoolmail.com,xdxxefvi.tjigpt@schoolmail.com
19,ikjjrvjx.cekforyfjv@schoolmail.com,qeyyee.vnib@schoolmail.com
19,ikjjrvjx.cekforyfjv@schoolmail.com,qaswbjoubx.vbbqosuug@schoolmail.com
19,ikjjrvjx.cekforyfjv@schoolmail.com,rqyeaq.bmvls@schoolmail.com
19,ikjjrvjx.cekforyfjv@schoolmail.com,zrzfripyh.tzsfqskqj@schoolmail.com
19,ikjjrvjx.cekforyfjv@schoolmail.com,fpcwfpkzt.pdd@schoolmail.com
19,ikjjrvjx.cekforyfjv@schoolmail.com,fieshhe.osacbul@schoolmail.com
19,ikjjrvjx.cekforyfjv@schoolmail.com,mxibqzcpk.zzyi@schoolmail.com
19,ikjjrvjx.cekforyfjv@schoolmail.com,kfuyako.ppqbzbqpzc@schoolmail.com
19,ikjjrvjx.cekforyfjv@schoolmail.com,yditasyomc.xkuhsz@schoolmail.com
19,ikjjrvjx.cekforyfjv@schoolmail.com,tcirpuqc.spaopuulv@schoolmail.com
19,ikjjrvjx.cekforyfjv@schoolmail.com,zonsvg.mbsqtvt@schoolmail.com
19,ikjjrvjx.cekforyfjv@schoolmail.com,dqwnyug.dhkugy@schoolmail.com
19,ikjjrvjx.cekforyfjv@schoolmail.com,oyuqyhix.pddv@schoolmail.com
19,ikjjrvjx.cekforyfjv@schoolmail.com,rtmtxanoz.plaqz@schoolmail.com
19,ikjjrvjx.cekforyfjv@schoolmail.com,ldjbntxnx.ecfw@schoolmail.com
20,rmuzvv.vrmbnenup@schoolmail.com,fpcwfpkzt.pdd@schoolmail.com
20,rmuzvv.vrmbnenup@schoolmail.com,zonsvg.mbsqtvt@schoolmail.com
20,rmuzvv.vrmbnenup@schoolmail.com,umdrkepb.emzxdolgk@schoolmail.com
20,rmuzvv.vrmbnenup@schoolmail.com,ryavpykusi.nkd@schoolmail.com
20,rmuzvv.vrmbnenup@schoolmail.com,yditasyomc.xkuhsz@schoolmail.com
20,rmuzvv.vrmbnenup@schoolmail.com,kcxpdhhp.tyw@schoolmail.com
20,rmuzvv.vrmbnenup@schoolmail.com,duyahydxny.fopqnwokoh@schoolmail.com
20,rmuzvv.vrmbnenup@schoolmail.com,nfcikearjh.pqftxammtx@schoolmail.com
20,rmuzvv.vrmbnenup@schoolmail.com,zvohlnynp.wefp@schoolmail.com
20,rmuzvv.vrmbnenup@schoolmail.com,kfuyako.ppqbzbqpzc@schoolmail.com
20,rmuzvv.vrmbnenup@schoolmail.com,qeyyee.vnib@schoolmail.com
20,rmuzvv.vrmbnenup@schoolmail.com,geuxbhp.nqotvrjrc@schoolmail.com
20,rmuzvv.vrmbnenup@schoolmail.com,ukicgfok.lkushxt@schoolmail.com
20,rmuzvv.vrmbnenup@schoolmail.com,naxypfnzvx.vscf@schoolmail.com
20,rmuzvv.vrmbnenup@schoolmail.com,iwewc.rmkgsc@schoolmail.com
20,rmuzvv.vrmbnenup@schoolmail.com,hlpsj.txoc@schoolmail.com
20,rmuzvv.vrmbnenup@schoolmail.com,wkrnehycra.zshn@schoolmail.com
20,rmuzvv.vrmbnenup@schoolmail.com,xbzen.ahaevzhc@schoolmail.com
20,rmuzvv.vrmbnenup@schoolmail.com,jscoz.rfmdhlufi@schoolmail.com
20,rmuzvv.vrmbnenup@schoolmail.com,qrqzvufsr.iueifzqsk@schoolmail.com
20,rmuzvv.vrmbnenup@schoolmail.com,spfuxc.gwsm@schoolmail.com
20,rmuzvv.vrmbnenup@schoolmail.com,qaswbjoubx.vbbqosuug@schoolmail.com
20,rmuzvv.vrmbnenup@schoolmail.com,mxibqzcpk.zzyi@schoolmail.com
20,rmuzvv.vrmbnenup@schoolmail.com,ldyuouk.vnej@schoolmail.com
20,rmuzvv.vrmbnenup@schoolmail.com,ldjbntxnx.ecfw@schoolmail.com
20,rmuzvv.vrmbnenup@schoolmail.com,oyuqyhix.pddv@schoolmail.com
21,ppkfr.eangspvtgh@schoolmail.com,naxypfnzvx.vscf@schoolmail.com
21,ppkfr.eangspvtgh@schoolmail.com,gpkvw.wovmmyrxp@schoolmail.com
21,ppkfr.eangspvtgh@schoolmail.com,gyhhlqg.fhdogvsi@schoolmail.com
21,ppkfr.eangspvtgh@schoolmail.com,zvohlnynp.wefp@schoolmail.com
21,ppkfr.eangspvtgh@schoolmail.com,gyvcfpyo.ajujtyspkw@schoolmail.com
21,ppkfr.eangspvtgh@schoolmail.com,wnfqeoczet.yornpjlbj@schoolmail.com
21,ppkfr.eangspvtgh@schoolmail.com,tgasda.ofkbkp@schoolmail.com
21,ppkfr.eangspvtgh@schoolmail.com,ukicgfok.lkushxt@schoolmail.com
21,ppkfr.eangspvtgh@schoolmail.com,qeyyee.vnib@schoolmail.com
21,ppkfr.eangspvtgh@schoolmail.com,kcxpdhhp.tyw@schoolmail.com
21,ppkfr.eangspvtgh@schoolmail.com,mjzcrzcs.pugw@schoolmail.com
21,ppkfr.eangspvtgh@schoolmail.com,ldjbntxnx.ecfw@schoolmail.com
21,ppkfr.eangspvtgh@schoolmail.com,oyuqyhix.pddv@schoolmail.com
22,yqnyzohcyg.ymkpimopgs@schoolmail.com,gyvcfpyo.ajujtyspkw@schoolmail.com
22,yqnyzohcyg.ymkpimopgs@schoolmail.com,ldjbntxnx.ecfw@schoolmail.com
22,yqnyzohcyg.ymkpimopgs@schoolmail.com,spfuxc.gwsm@schoolmail.com
22,yqnyzohcyg.ymkpimopgs@schoolmail.com,qrqzvufsr.iueifzqsk@schoolmail.com
22,yqnyzohcyg.ymkpimopgs@schoolmail.com,ukicgfok.lkushxt@schoolmail.com
22,yqnyzohcyg.ymkpimopgs@schoolmail.com,ciehxywxab.dxzqisd@schoolmail.com
22,yqnyzohcyg.ymkpimopgs@schoolmail.com,ybczwtubqr.rkamv@schoolmail.com
22,yqnyzohcyg.ymkpimopgs@schoolmail.com,jdsvod.mhvdws@schoolmail.com
22,yqnyzohcyg.ymkpimopgs@schoolmail.com,ehouwe.bcuzmhpyz@schoolmail.com
22,yqnyzohcyg.ymkpimopgs@schoolmail.com,fivnjqwcja.fyvu@schoolmail.com
22,yqnyzohcyg.ymkpimopgs@schoolmail.com,xbzen.ahaevzhc@schoolmail.com
22,yqnyzohcyg.ymkpimopgs@schoolmail.com,bpteavqajw.eqkryan@schoolmail.com
22,yqnyzohcyg.ymkpimopgs@schoolmail.com,flgrxvd.woa@schoolmail.com
22,yqnyzohcyg.ymkpimopgs@schoolmail.com,ldyuouk.vnej@schoolmail.com
22,yqnyzohcyg.ymkpimopgs@schoolmail.com,nedmsei.bsxgzzvhgx@schoolmail.com
22,yqnyzohcyg.ymkpimopgs@schoolmail.com,rtmtxanoz.plaqz@schoolmail.com
22,yqnyzohcyg.ymkpimopgs@schoolmail.com,umdrkepb.emzxdolgk@schoolmail.com
22,yqnyzohcyg.ymkpimopgs@schoolmail.com,kcxpdhhp.tyw@schoolmail.com
22,yqnyzohcyg.ymkpimopgs@schoolmail.com,qaswbjoubx.vbbqosuug@schoolmail.com
22,yqnyzohcyg.ymkpimopgs@schoolmail.com,puogpykej.pcsk@schoolmail.com
22,yqnyzohcyg.ymkpimopgs@schoolmail.com,jmuaqgam.ckgpiq@schoolmail.com
23,vlalmmdpup.iycorrsa@schoolmail.com,gyvcfpyo.ajujtyspkw@schoolmail.com
23,vlalmmdpup.iycorrsa@schoolmail.com,ryavpykusi.nkd@schoolmail.com
23,vlalmmdpup.iycorrsa@schoolmail.com,qrqzvufsr.iueifzqsk@schoolmail.com
23,vlalmmdpup.iycorrsa@schoolmail.com,mxibqzcpk.zzyi@schoolmail.com
23,vlalmmdpup.iycorrsa@schoolmail.com,iwewc.rmkgsc@schoolmail.com
23,vlalmmdpup.iycorrsa@schoolmail.com,naxypfnzvx.vscf@schoolmail.com
23,vlalmmdpup.iycorrsa@schoolmail.com,erkvhs.cklmrn@schoolmail.com
23,vlalmmdpup.iycorrsa@schoolmail.com,fpcwfpkzt.pdd@schoolmail.com
23,vlalmmdpup.iycorrsa@schoolmail.com,hncwrlww.kttchnbnw@schoolmail.com
23,vlalmmdpup.iycorrsa@schoolmail.com,wnfqeoczet.yornpjlbj@schoolmail.com
23,vlalmmdpup.iycorrsa@schoolmail.com,tgasda.ofkbkp@schoolmail.com
23,vlalmmdpup.iycorrsa@schoolmail.com,kfuyako.ppqbzbqpzc@schoolmail.com
23,vlalmmdpup.iycorrsa@schoolmail.com,nzcipmds.gvhnkhw@schoolmail.com
24,jqpoestkm.glxdbh@schoolmail.com,oyuqyhix.pddv@schoolmail.com
24,jqpoestkm.glxdbh@schoolmail.com,zrzfripyh.tzsfqskqj@schoolmail.com
24,jqpoestkm.glxdbh@schoolmail.com,naxypfnzvx.vscf@schoolmail.com
24,jqpoestkm.glxdbh@schoolmail.com,jmuaqgam.ckgpiq@schoolmail.com
24,jqpoestkm.glxdbh@schoolmail.com,hlpsj.txoc@schoolmail.com
24,jqpoestkm.glxdbh@schoolmail.com,umdrkepb.emzxdolgk@schoolmail.com
24,jqpoestkm.glxdbh@schoolmail.com,ldyuouk.vnej@schoolmail.com
24,jqpoestkm.glxdbh@schoolmail.com,zonsvg.mbsqtvt@schoolmail.com
24,jqpoestkm.glxdbh@schoolmail.com,kfuyako.ppqbzbqpzc@schoolmail.com
24,jqpoestkm.glxdbh@schoolmail.com,lwmlyps.bqgzenovnb@schoolmail.com
24,jqpoestkm.glxdbh@schoolmail.com,spfuxc.gwsm@schoolmail.com
24,jqpoestkm.glxdbh@schoolmail.com,nfcikearjh.pqftxammtx@schoolmail.com
24,jqpoestkm.glxdbh@schoolmail.com,jdsvod.mhvdws@schoolmail.com
25,ppkfr.eangspvtgh@schoolmail.com,hlpsj.txoc@schoolmail.com
25,ppkfr.eangspvtgh@schoolmail.com,ehouwe.bcuzmhpyz@schoolmail.com
25,ppkfr.eangspvtgh@schoolmail.com,fivnjqwcja.fyvu@schoolmail.com
25,ppkfr.eangspvtgh@schoolmail.com,dqwnyug.dhkugy@schoolmail.com
25,ppkfr.eangspvtgh@schoolmail.com,pntczamp.pws@schoolmail.com
25,ppkfr.eangspvtgh@schoolmail.com,gyhhlqg.fhdogvsi@schoolmail.com
25,ppkfr.eangspvtgh@schoolmail.com,wkrnehycra.zshn@schoolmail.com
25,ppkfr.eangspvtgh@schoolmail.com,rtmtxanoz.plaqz@schoolmail.com
25,ppkfr.eangspvtgh@schoolmail.com,hncwrlww.kttchnbnw@schoolmail.com
25,ppkfr.eangspvtgh@schoolmail.com,erkvhs.cklmrn@schoolmail.com
25,ppkfr.eangspvtgh@schoolmail.com,wnfqeoczet.yornpjlbj@schoolmail.com
25,ppkfr.eangspvtgh@schoolmail.com,puogpykej.pcsk@schoolmail.com
25,ppkfr.eangspvtgh@schoolmail.com,fieshhe.osacbul@schoolmail.com
25,ppkfr.eangspvtgh@schoolmail.com,kfuyako.ppqbzbqpzc@schoolmail.com
25,ppkfr.eangspvtgh@schoolmail.com,yditasyomc.xkuhsz@schoolmail.com
25,ppkfr.eangspvtgh@schoolmail.com,ldyuouk.vnej@schoolmail.com
25,ppkfr.eangspvtgh@schoolmail.com,zrzfripyh.tzsfqskqj@schoolmail.com
25,ppkfr.eangspvtgh@schoolmail.com,ybczwtubqr.rkamv@schoolmail.com
25,ppkfr.eangspvtgh@schoolmail.com,nfcikearjh.pqftxammtx@schoolmail.com
25,ppkfr.eangspvtgh@schoolmail.com,xdxxefvi.tjigpt@schoolmail.com
25,ppkfr.eangspvtgh@schoolmail.com,spfuxc.gwsm@schoolmail.com
25,ppkfr.eangspvtgh@schoolmail.com,qrqzvufsr.iueifzqsk@schoolmail.com
25,ppkfr.eangspvtgh@schoolmail.com,naxypfnzvx.vscf@schoolmail.com
25,ppkfr.eangspvtgh@schoolmail.com,iwewc.rmkgsc@schoolmail.com
25,ppkfr.eangspvtgh@schoolmail.com,tgasda.ofkbkp@schoolmail.com
26,yiihimng.aupwtvfzmr@schoolmail.com,ukicgfok.lkushxt@schoolmail.com
26,yiihimng.aupwtvfzmr@schoolmail.com,kcxpdhhp.tyw@schoolmail.com
26,yiihimng.aupwtvfzmr@schoolmail.com,lwmlyps.bqgzenovnb@schoolmail.com
26,yiihimng.aupwtvfzmr@schoolmail.com,puogpykej.pcsk@schoolmail.com
26,yiihimng.aupwtvfzmr@schoolmail.com,qeyyee.vnib@schoolmail.com
26,yiihimng.aupwtvfzmr@schoolmail.com,zrzfripyh.tzsfqskqj@schoolmail.com
26,yiihimng.aupwtvfzmr@schoolmail.com,xdxxefvi.tjigpt@schoolmail.com
26,yiihimng.aupwtvfzmr@schoolmail.com,jscoz.rfmdhlufi@schoolmail.com
26,yiihimng.aupwtvfzmr@schoolmail.com,umdrkepb.emzxdolgk@schoolmail.com
26,yiihimng.aupwtvfzmr@schoolmail.com,yditasyomc.xkuhsz@schoolmail.com
26,yiihimng.aupwtvfzmr@schoolmail.com,xbzen.ahaevzhc@schoolmail.com
26,yiihimng.aupwtvfzmr@schoolmail.com,qaswbjoubx.vbbqosuug@schoolmail.com
26,yiihimng.aupwtvfzmr@schoolmail.com,mjzcrzcs.pugw@schoolmail.com
26,yiihimng.aupwtvfzmr@schoolmail.com,tcirpuqc.spaopuulv@schoolmail.com
26,yiihimng.aupwtvfzmr@schoolmail.com,ryavpykusi.nkd@schoolmail.com
26,yiihimng.aupwtvfzmr@schoolmail.com,mxibqzcpk.zzyi@schoolmail.com
26,yiihimng.aupwtvfzmr@schoolmail.com,dqwnyug.dhkugy@schoolmail.com
27,qwsqmxf.hdu@schoolmail.com,yditasyomc.xkuhsz@schoolmail.com
27,qwsqmxf.hdu@schoolmail.com,qeyyee.vnib@schoolmail.com
27,qwsqmxf.hdu@schoolmail.com,hzsna.obdxdtv@schoolmail.com
27,qwsqmxf.hdu@schoolmail.com,fpcwfpkzt.pdd@schoolmail.com
27,qwsqmxf.hdu@schoolmail.com,geuxbhp.nqotvrjrc@schoolmail.com
27,qwsqmxf.hdu@schoolmail.com,tgasda.ofkbkp@schoolmail.com
27,qwsqmxf.hdu@schoolmail.com,wnfqeoczet.yornpjlbj@schoolmail.com
27,qwsqmxf.hdu@schoolmail.com,fivnjqwcja.fyvu@schoolmail.com
27,qwsqmxf.hdu@schoolmail.com,jscoz.rfmdhlufi@schoolmail.com
27,qwsqmxf.hdu@schoolmail.com,rtmtxanoz.plaqz@schoolmail.com
27,qwsqmxf.hdu@schoolmail.com,rqyeaq.bmvls@schoolmail.com
27,qwsqmxf.hdu@schoolmail.com,zonsvg.mbsqtvt@schoolmail.com
27,qwsqmxf.hdu@schoolmail.com,ehouwe.bcuzmhpyz@schoolmail.com
27,qwsqmxf.hdu@schoolmail.com,iwewc.rmkgsc@schoolmail.com
27,qwsqmxf.hdu@schoolmail.com,puogpykej.pcsk@schoolmail.com
27,qwsqmxf.hdu@schoolmail.com,gpkvw.wovmmyrxp@schoolmail.com
27,qwsqmxf.hdu@schoolmail.com,gyvcfpyo.ajujtyspkw@schoolmail.com
27,qwsqmxf.hdu@schoolmail.com,spfuxc.gwsm@schoolmail.com
27,qwsqmxf.hdu@schoolmail.com,ryavpykusi.nkd@schoolmail.com
27,qwsqmxf.hdu@schoolmail.com,naxypfnzvx.vscf@schoolmail.com
27,qwsqmxf.hdu@schoolmail.com,jdsvod.mhvdws@schoolmail.com
27,qwsqmxf.hdu@schoolmail.com,pntczamp.pws@schoolmail.com
27,qwsqmxf.hdu@schoolmail.com,zvohlnynp.wefp@schoolmail.com
28,wuoodxwc.fwwo@schoolmail.com,ukicgfok.lkushxt@schoolmail.com
28,wuoodxwc.fwwo@schoolmail.com,tgasda.ofkbkp@schoolmail.com
28,wuoodxwc.fwwo@schoolmail.com,ryavpykusi.nkd@schoolmail.com
28,wuoodxwc.fwwo@schoolmail.com,lwmlyps.bqgzenovnb@schoolmail.com
28,wuoodxwc.fwwo@schoolmail.com,umdrkepb.emzxdolgk@schoolmail.com
28,wuoodxwc.fwwo@schoolmail.com,iwewc.rmkgsc@schoolmail.com
28,wuoodxwc.fwwo@schoolmail.com,qaswbjoubx.vbbqosuug@schoolmail.com
28,wuoodxwc.fwwo@schoolmail.com,ldyuouk.vnej@schoolmail.com
28,wuoodxwc.fwwo@schoolmail.com,kcxpdhhp.tyw@schoolmail.com
28,wuoodxwc.fwwo@schoolmail.com,rtmtxanoz.plaqz@schoolmail.com
28,wuoodxwc.fwwo@schoolmail.com,tcirpuqc.spaopuulv@schoolmail.com
28,wuoodxwc.fwwo@schoolmail.com,zrzfripyh.tzsfqskqj@schoolmail.com
28,wuoodxwc.fwwo@schoolmail.com,wnfqeoczet.yornpjlbj@schoolmail.com
28,wuoodxwc.fwwo@schoolmail.com,nzcipmds.gvhnkhw@schoolmail.com
28,wuoodxwc.fwwo@schoolmail.com,ldjbntxnx.ecfw@schoolmail.com
28,wuoodxwc.fwwo@schoolmail.com,nedmsei.bsxgzzvhgx@schoolmail.com
28,wuoodxwc.fwwo@schoolmail.com,yditasyomc.xkuhsz@schoolmail.com
28,wuoodxwc.fwwo@schoolmail.com,fpcwfpkzt.pdd@schoolmail.com
28,wuoodxwc.fwwo@schoolmail.com,geuxbhp.nqotvrjrc@schoolmail.com
28,wuoodxwc.fwwo@schoolmail.com,dqwnyug.dhkugy@schoolmail.com
28,wuoodxwc.fwwo@schoolmail.com,wkrnehycra.zshn@schoolmail.com
28,wuoodxwc.fwwo@schoolmail.com,chggii.ngtxenqpp@schoolmail.com
29,rjemq.whl@schoolmail.com,hncwrlww.kttchnbnw@schoolmail.com
29,rjemq.whl@schoolmail.com,rtmtxanoz.plaqz@schoolmail.com
29,rjemq.whl@schoolmail.com,ldyuouk.vnej@schoolmail.com
29,rjemq.whl@schoolmail.com,ybczwtubqr.rkamv@schoolmail.com
29,rjemq.whl@schoolmail.com,iwewc.rmkgsc@schoolmail.com
29,rjemq.whl@schoolmail.com,puogpykej.pcsk@schoolmail.com
29,rjemq.whl@schoolmail.com,naxypfnzvx.vscf@schoolmail.com
29,rjemq.whl@schoolmail.com,umdrkepb.emzxdolgk@schoolmail.com
29,rjemq.whl@schoolmail.com,ldjbntxnx.ecfw@schoolmail.com
29,rjemq.whl@schoolmail.com,zonsvg.mbsqtvt@schoolmail.com
29,rjemq.whl@schoolmail.com,gpkvw.wovmmyrxp@schoolmail.com
29,rjemq.whl@schoolmail.com,jmuaqgam.ckgpiq@schoolmail.com
29,rjemq.whl@schoolmail.com,ryavpykusi.nkd@schoolmail.com
29,rjemq.whl@schoolmail.com,zvohlnynp.wefp@schoolmail.com
29,rjemq.whl@schoolmail.com,wnfqeoczet.yornpjlbj@schoolmail.com
29,rjemq.whl@schoolmail.com,bpteavqajw.eqkryan@schoolmail.com
29,rjemq.whl@schoolmail.com,jscoz.rfmdhlufi@schoolmail.com
29,rjemq.whl@schoolmail.com,gyhhlqg.fhdogvsi@schoolmail.com
29,rjemq.whl@schoolmail.com,pntczamp.pws@schoolmail.com
29,rjemq.whl@schoolmail.com,spfuxc.gwsm@schoolmail.com
29,rjemq.whl@schoolmail.com,zrzfripyh.tzsfqskqj@schoolmail.com
29,rjemq.whl@schoolmail.com,flgrxvd.woa@schoolmail.com
29,rjemq.whl@schoolmail.com,nfcikearjh.pqftxammtx@schoolmail.com
30,lgjyi.mfhcukcu@schoolmail.com,naxypfnzvx.vscf@schoolmail.com
30,lgjyi.mfhcukcu@schoolmail.com,wnfqeoczet.yornpjlbj@schoolmail.com
30,lgjyi.mfhcukcu@schoolmail.com,nfcikearjh.pqftxammtx@schoolmail.com
30,lgjyi.mfhcukcu@schoolmail.com,qeyyee.vnib@schoolmail.com
30,lgjyi.mfhcukcu@schoolmail.com,tcirpuqc.spaopuulv@schoolmail.com
30,lgjyi.mfhcukcu@schoolmail.com,gyvcfpyo.ajujtyspkw@schoolmail.com
30,lgjyi.mfhcukcu@schoolmail.com,mjzcrzcs.pugw@schoolmail.com
30,lgjyi.mfhcukcu@schoolmail.com,fpcwfpkzt.pdd@schoolmail.com
30,lgjyi.mfhcukcu@schoolmail.com,xbzen.ahaevzhc@schoolmail.com
30,lgjyi.mfhcukcu@schoolmail.com,mxibqzcpk.zzyi@schoolmail.com
30,lgjyi.mfhcukcu@schoolmail.com,iwewc.rmkgsc@schoolmail.com
30,lgjyi.mfhcukcu@schoolmail.com,tgasda.ofkbkp@schoolmail.com
30,lgjyi.mfhcukcu@schoolmail.com,yditasyomc.xkuhsz@schoolmail.com
30,lgjyi.mfhcukcu@schoolmail.com,rtmtxanoz.plaqz@schoolmail.com
30,lgjyi.mfhcukcu@schoolmail.com,zvohlnynp.wefp@schoolmail.com
30,lgjyi.mfhcukcu@schoolmail.com,ukicgfok.lkushxt@schoolmail.com
30,lgjyi.mfhcukcu@schoolmail.com,dqwnyug.dhkugy@schoolmail.com
30,lgjyi.mfhcukcu@schoolmail.com,chggii.ngtxenqpp@schoolmail.com
30,lgjyi.mfhcukcu@schoolmail.com,ldyuouk.vnej@schoolmail.com
30,lgjyi.mfhcukcu@schoolmail.com,spfuxc.gwsm@schoolmail.com
30,lgjyi.mfhcukcu@schoolmail.com,ehouwe.bcuzmhpyz@schoolmail.com
30,lgjyi.mfhcukcu@schoolmail.com,duyahydxny.fopqnwokoh@schoolmail.com
30,lgjyi.mfhcukcu@schoolmail.com,lwmlyps.bqgzenovnb@schoolmail.com
30,lgjyi.mfhcukcu@schoolmail.com,jscoz.rfmdhlufi@schoolmail.com
